CD_HE_mean_ratio,KEGG_names,LS_HE_mean_ratio,UC_HE_mean_ratio
1.0,K00071(11beta-hydroxysteroid_dehydrogenase),2.638025831276956,1.0
1.0,K00103(L-gulonolactone_oxidase),2.2807128826449388,1.0
1.0,K00223(delta24(24(1))-sterol_reductase),1.6418477623234233,1.0
1.0,K00270(phenylalanine_dehydrogenase),2.1749561423367427,1.0
1.0,"K00312(wingless-type_MMTV_integration_site_family,_member_3)",3.050850262985673,1.0
1.0,K00316(spermidine_dehydrogenase),16.542966853983515,1.0
1.0,K00369(nitrate_reductase),6.390580325240001,1.0
1.0,K00422(polyphenol_oxidase),3.898270508021777,1.0
1.0,"K00451(homogentisate_1,2-dioxygenase)",2.6030107435447607,1.0
1.0,K00466(tryptophan_2-monooxygenase),3.392236057860776,1.0
1.0,K00660(chalcone_synthase),2.284488379762431,1.0
1.0,K00776(NAD-diphthamide_ADP-ribosyltransferase),1.9404765607257979,1.0
1.0,"K00913(inositol-1,3,4-trisphosphate_5/6-kinase_/_inositol-tetrakisphosphate1-kinase)",2.4120101376923095,1.0
1.0,K00933(creatine_kinase),10.069654543269879,1.0
1.0,K01063(juvenile-hormone_esterase),1.8077494747532439,1.0
1.0,K01217(L-iduronidase),2.301712607133123,1.0
1.0,K01343(tissue_plasminogen_activator),2.655577299642208,1.0
1.0,K01393(neurolysin),11.912000311887406,1.0
1.0,K01404(leishmanolysin),1.976475736084159,1.0
1.0,K01437(aspartoacylase),50.406905788535596,1.0
1.0,K01555(fumarylacetoacetase),1.8658327669657109,1.0
1.0,K01576(benzoylformate_decarboxylase),68.76983189874413,1.0
1.0,K01594(sulfinoalanine_decarboxylase),1.9263743435653735,1.0
1.0,K01691(WNT_inhibitory_factor_1),10.44578540518993,1.0
1.0,K01721(nitrile_hydratase),2.7644009820344837,1.0
1.0,K01757(strictosidine_synthase),266.7158206140333,1.0
1.0,K02211(cyclin-dependent_kinase_9),2.354318132233107,1.0
1.0,K02223(circadian_locomoter_output_cycles_kaput_protein),336.40298770346595,1.0
1.0,K02247(competence_protein_ComGE),2.2658288088851957,1.0
1.0,K02249(competence_protein_ComGG),2.3056649813364207,1.0
1.0,K02251(competence_protein_ComQ),2.9563295468086563,1.0
1.0,"K02524(DNA_binding_protein_(fs(1)K10,_female_sterile(1)K10))",4.451238994253374,1.0
1.0,K02606(origin_recognition_complex_subunit_4),2.632630084547669,1.0
1.0,K02632(bilin_biosynthesis_PecF_protein),23.244533536001363,1.0
1.0,K02665(type_IV_pilus_assembly_protein_PilP),1.8765687402895375,1.0
1.0,K02951(small_subunit_ribosomal_protein_S12e),2.3671196531263146,1.0
1.0,K03059(DNA-directed_RNA_polymerase_subunit_P),2.731751605374627,1.0
1.0,K03122(transcription_initiation_factor_TFIIA_large_subunit),9.676631701612585,1.0
1.0,K03220(type_III_secretion_protein_SctD),44.11837033152346,1.0
1.0,"K03318(hydroxy/aromatic_amino_acid_permease,_HAAAP_family)",1.5935231331080397,1.0
1.0,"K03372(MFS_transporter,_PAT_family,_solute_carrier_family_33_(acetyl-CoAtransportor),_member_1)",2.324081549076181,1.0
1.0,K03731(trehalose_6-phosphate_phosphorylase),18.655143086143102,1.0
1.0,K03822(putative_long_chain_acyl-CoA_synthase),2.290362248276938,1.0
1.0,K03909(tissue_factor_pathway_inhibitor),2.163409286159283,1.0
1.0,K03987(complement_C1q_subcomponent_subunit_B),3.1828790561983595,1.0
1.0,K03988(complement_C1q_subcomponent_subunit_C),3.2945841437601087,1.0
1.0,K03997(complement_component_8_subunit_alpha),3.0837166099755033,1.0
1.0,K04058(type_III_secretion_protein_SctW),1449.654754331892,1.0
1.0,K04059(type_III_secretion_protein_SctX),4.9553587422362435,1.0
1.0,K04090(indolepyruvate_ferredoxin_oxidoreductase),3.019238106733995,1.0
1.0,"K04100(protocatechuate_4,5-dioxygenase,_alpha_chain)",2.1807354913489094,1.0
1.0,"K04102(4,5-dihydroxyphthalate_decarboxylase)",2.6161762851289936,1.0
1.0,K04180(C-C_chemokine_receptor_type_5),2.510628808663434,1.0
1.0,K04228(arginine_vasopressin_receptor_2),1.8568315129303148,1.0
1.0,K04281(calpastatin),4.679813703319102,1.0
1.0,K04283(trypanothione-disulfide_reductase),2.435086920935913,1.0
1.0,K04351(Rap_guanine_nucleotide_exchange_factor_(GEF)_4),11.145281673254228,1.0
1.0,K04469(nuclear_factor_of_kappa_light_polypeptide_gene_enhancer_in_B-cells_2),17.68387911252322,1.0
1.0,K04527(insulin_receptor),2.750325512060558,1.0
1.0,K04604(metabotropic_glutamate_receptor_1/5),2.254428964762755,1.0
1.0,"K04639(guanine_nucleotide_binding_protein_(G_protein),_alpha_13)",3.1884954451386442,1.0
1.0,K04641(bacteriorhodopsin),3.415910169614898,1.0
1.0,K04642(halorhodopsin),3.1017945358757832,1.0
1.0,K04657(chordin),1.8128869703212316,1.0
1.0,K04675(activin_receptor_type-1),2.4882999777262516,1.0
1.0,K04729(myeloid_differentiation_primary_response_gene_88),8.365993046990747,1.0
1.0,K04860(voltage-dependent_calcium_channel_alpha-2/delta-3),3.0241066141737196,1.0
1.0,K04924(potassium_channel_subfamily_K_member_16),2966.289718804949,1.0
1.0,K05063(interleukin_12_receptor_beta-1),2.127625568026004,1.0
1.0,K05088(proto-oncogene_tyrosine-protein_kinase_ROS),1.48971043348814,1.0
1.0,K05089(platelet-derived_growth_factor_receptor_beta),2.604106446832145,1.0
1.0,K05102(Eph_receptor_A1),5.423417875522864,1.0
1.0,K05127(PTK7_protein_tyrosine_kinase_7),1.9434019700248708,1.0
1.0,"K05212(glutamate_receptor,_ionotropic,_N-methyl-D-aspartate_2D)",1.9448402238584006,1.0
1.0,K05279(flavonol_3-O-methyltransferase),2.179812862786348,1.0
1.0,K05556(hydroxylacyl-CoA_dehydrogenase),4.180036506337928,1.0
1.0,K05619(transglutaminase_1),2.049049097592374,1.0
1.0,"K05677(ATP-binding_cassette,_subfamily_D_(ALD),_member_3)",2.0905743144010343,1.0
1.0,K05718(integrin_alpha_L),2.540257451068339,1.0
1.0,K05826(lysine_biosynthesis_protein_LysW),46.42484018039132,1.0
1.0,K05998(pseudomonalisin),1.951413771163185,1.0
1.0,K06000(papain),4.159295266556165,1.0
1.0,K06092(InaD-like_protein),2.9140061569577465,1.0
1.0,"K06247(laminin,_gamma_3)",2.402805350474025,1.0
1.0,K06273(zyxin),2.1660003862147983,1.0
1.0,K06325(spore_coat_protein_B),2.387150176193684,1.0
1.0,K06345(spore_cortex_protein),5.714869832169903,1.0
1.0,K06349(KinB_signaling_pathway_activation_protein),2.4286521932816743,1.0
1.0,K06461(integrin_alpha_M),16.20840961105491,1.0
1.0,K06474(CD34_antigen),6.412101454823001,1.0
1.0,K06483(integrin_alpha_4),8.544532778448621,1.0
1.0,"K06533(cadherin_5,_type_2,_VE-cadherin)",3.329750209428547,1.0
1.0,K06548(sialoadhesin),46.929291440692964,1.0
1.0,K06580(Rhesus_blood_group-associated_glycoprotein),44.138125946607644,1.0
1.0,K06621(cyclin-dependent_kinase_inhibitor_2A),2.924766040547261,1.0
1.0,K06720(L-ectoine_synthase),8.318193500510239,1.0
1.0,"K06784(roundabout,_axon_guidance_receptor_4)",1.8801601057165584,1.0
1.0,"K06802(cadherin_10,_type_2,_T2-cadherin)",12.38968438061901,1.0
1.0,K06817(podocalyxin-like),33.944537694800665,1.0
1.0,K06870(Sep-tRNA:Cys-tRNA_synthetase),2.882351538092863,1.0
1.0,K06876(Sep-tRNA:Cys-tRNA_synthetase),2.552447628486412,1.0
1.0,K07131(5-hydroxyisourate_hydrolase),2.4713820800050295,1.0
1.0,"K07155(quercetin_2,3-dioxygenase)",26.846754588047602,1.0
1.0,K07242(putative_multicomponent_Na+:H+_antiporter_subunit_B),18.692480512953182,1.0
1.0,K07378(neuroligin),9.206925434693808,1.0
1.0,"K07440(cytochrome_P450,_family_46,_subfamily_A_(cholesterol24(S)-hydroxylase))",1.9850860032945592,1.0
1.0,K07472(TBP-interacting_protein),1.9520905151211507,1.0
1.0,K07534(cyclohex-1-ene-1-carboxyl-CoA_hydratase),2.0148694462596266,1.0
1.0,K07549(benzoylsuccinyl-CoA_thiolase_BbsA_subunit),1.9187460046572764,1.0
1.0,"K07871(Ras_homolog_gene_family,_member_T2)",73.5289895828177,1.0
1.0,K07965(heparanase_2),1267.0195203850737,1.0
1.0,K07996(matrix_metalloproteinase-16_(membrane-inserted)),3.1776504149994906,1.0
1.0,K08008(NADPH_oxidase),2.611079854406965,1.0
1.0,K08023(latent_transforming_growth_factor_beta_binding_protein),1.906200947645811,1.0
1.0,K08061(regulatory_factor_X_5),4.418032459988302,1.0
1.0,K08074(ADP-dependent_glucokinase),1.933418145533945,1.0
1.0,K08095(cutinase),5.530617758357855,1.0
1.0,K08106(N-acetylgalactosamine_4-sulfate_6-O-sulfotransferase),2.2462903197188813,1.0
1.0,K08116(chondroitin_sulfate_proteoglycan_5_(neuroglycan_C)),2.099227014161085,1.0
1.0,"K08126(osteoglycin_(osteoinductive_factor,_mimecan))",3.0973690520624686,1.0
1.0,"K08148(MFS_transporter,_SP_family,_solute_carrier_family_2_(facilitatedglucose_transporter),_member_11)",1.889500159040367,1.0
1.0,"K08186(MFS_transporter,_MCP_family,_solute_carrier_family_16(monocarboxylic_acid_transporters),_member_9)",15.40001889786537,1.0
1.0,"K08198(MFS_transporter,_OCT_family,_solute_carrier_family_22_(organiccation_transporter),_member_1)",1.895893228544951,1.0
1.0,"K08229(MFS_transporter,_LAT3_family,_solute_carrier_family_43,_member_2)",1.9186081688336685,1.0
1.0,K08237(hydroquinone_glucosyltransferase),2.103018844542522,1.0
1.0,K08355(arsenite_oxidase_small_subunit),10.946898389102099,1.0
1.0,K08359(tetrathionate_reductase_subunit_C),2.5929637517800077,1.0
1.0,K08477(outer_membrane_protease_E),14.191998472188063,1.0
1.0,K08492(syntaxin_18),2.656181242630443,1.0
1.0,K08494(novel_plant_SNARE),3.9382590259206887,1.0
1.0,K08566(plasminogen_activator),14.571894781818605,1.0
1.0,K08572(cysteine_peptidase_C),9.561635591756168,1.0
1.0,K08608(disintegrin_and_metalloproteinase_domain-containing_protein_19),1.5725995395346768,1.0
1.0,K08639(carboxypeptidase_X2),6.349948400692747,1.0
1.0,K08642(LasA_protease),3.530629066662889,1.0
1.0,"K08657(taspase,_threonine_aspartase,_1)",2.540496063576553,1.0
1.0,K08677(kumamolisin),3.867981213195016,1.0
1.0,"K08718(rod_cGMP-specific_3',5'-cyclic_phosphodiesterase_subunit_alpha)",1.7485475876229215,1.0
1.0,K08812(CaM_kinase-like_vesicle-associated),1.908909461549029,1.0
1.0,K08883(tripartite_motif-containing_protein_33),8.772136217622123,1.0
1.0,K08896(BMX_non-receptor_tyrosine_kinase),2.012603227153195,1.0
1.0,K08976(putative_membrane_protein),2.3463241458470248,1.0
1.0,K08995(putative_membrane_protein),5.896653091984594,1.0
1.0,K09008(hypothetical_protein),13.196502898426285,1.0
1.0,K09025(apolipoprotein_A-V),3.782627945693458,1.0
1.0,K09097(hypoxia-inducible_factor_1_beta),1.9510113454111346,1.0
1.0,K09129(hypothetical_protein),17.09177937146904,1.0
1.0,K09166(hypothetical_protein),2.439545721860046,1.0
1.0,K09194(transcription_factor_Sp4),1.8957770195364518,1.0
1.0,K09223(growth_factor_independent_1),2.3168813788521025,1.0
1.0,"K09263(MADS-box_transcription_enhancer_factor_2,_invertebrate)",4.206406586945094,1.0
1.0,K09269(transcription_factor_SOX5/6/13_(SOX_group_D)),13.269828980036655,1.0
1.0,"K09311(Antp_family,_other)",2.054128623439668,1.0
1.0,K09327(homeobox_protein_prophet_of_Pit-1),2.1413577692344754,1.0
1.0,K09378(AT-binding_transcription_factor_1),1.4753572532127104,1.0
1.0,K09380(zinc_finger_homeobox_protein_4),1.8469788390132573,1.0
1.0,K09386(hypothetical_protein),2.407022487838173,1.0
1.0,K09404(forkhead_box_protein_K),1.7131597342567817,1.0
1.0,K09409(forkhead_box_protein_P),1.9964632970940728,1.0
1.0,K09505(DnaJ_homolog_subfamily_A_member_4),16.308847486457907,1.0
1.0,K09534(DnaJ_homolog_subfamily_C_member_14),3.253009019776395,1.0
1.0,K09539(DnaJ_homolog_subfamily_C_member_19),53.33056919237236,1.0
1.0,K09575(FK506-binding_protein_9/10),2.2934160683230393,1.0
1.0,K09577(FK506-binding_protein_14),2.039175656784338,1.0
1.0,"K09581(protein_disulfide_isomerase_family_A,_member_2)",1.8304773789830595,1.0
1.0,K09646(serine_carboxypeptidase_1),14.29045566787169,1.0
1.0,K09711(hypothetical_protein),3.5560340624217766,1.0
1.0,K09732(hypothetical_protein),26.168294675084763,1.0
1.0,K09736(hypothetical_protein),25.68410825936277,1.0
1.0,K09822(hypothetical_protein),2.273043265794399,1.0
1.0,K09844(hydroxyneurosporene_dehydrogenase),1957.76183104605,1.0
1.0,K09867(aquaporin-5),2.3738134595903913,1.0
1.0,K09873(aquaporin_TIP),2.459153847531735,1.0
1.0,K09877(aquaporin-9),2.5686198472666852,1.0
1.0,"K09884(aquaporin_rerated_protein,_invertebrate)",2.4143295361653965,1.0
1.0,K09887(dCTP_deaminase_(dUMP-forming)),2.894623291505179,1.0
1.0,K09947(hypothetical_protein),1.7802068722859927,1.0
1.0,K09965(hypothetical_protein),13.792534208636422,1.0
1.0,K09977(hypothetical_protein),1.8708569238027843,1.0
1.0,K10023(arginine/ornithine_transport_system_permease_protein),2.076405093154138,1.0
1.0,K10065(collectin_sub-family_member_10),2.600749969402975,1.0
1.0,K10164(homeobox_protein_Nanog),39.75394801823296,1.0
1.0,K10207(testosterone_17beta-dehydrogenase_(NADP+)),1.7512697079001014,1.0
1.0,K10271(F-box_and_leucine-rich_repeat_protein_5),1.8671428593198702,1.0
1.0,K10280(F-box_and_leucine-rich_repeat_protein_14),21.784489132111172,1.0
1.0,K10307(F-box_protein_30),1.9312557113427369,1.0
1.0,K10342(WD_repeat_and_SOCS_box-containing_protein_2),2.26134845535016,1.0
1.0,K10523(speckle-type_POZ_protein),4.224626586052933,1.0
1.0,K10534(nitrate_reductase_(NADPH)),4.404573579295683,1.0
1.0,K10569(endonuclease_VIII-like_3),27.733729403546715,1.0
1.0,K10586(baculoviral_IAP_repeat-containing_protein_6_(apollon)),3.140488399378112,1.0
1.0,K10616(p-cymene_monooxygenase),6.112472831664362,1.0
1.0,K10618(p-cumic_aldehyde_dehydrogenase),2.170697437013021,1.0
1.0,"K10620(2,3-dihydroxy-2,3-dihydro-p-cumate_dehydrogenase)",5.7704753056715985,1.0
1.0,K10629(E3_ubiquitin-protein_ligase_RNF128),3.809008608177627,1.0
1.0,K10637(E3_ubiquitin-protein_ligase_MYLIP),1.8788425017139583,1.0
1.0,K10684(ubiquitin-like_1-activating_enzyme_E1_A),2.2587365742587244,1.0
1.0,K10743(ribonuclease_H2_subunit_A),135.7997529273849,1.0
1.0,K10759(tannase),2.3919554535114136,1.0
1.0,K10760(adenylate_isopentenyltransferase_(cytokinin_synthase)),1.8242870074966413,1.0
1.0,K10851(nitrogen_regulatory_protein_A),14.56861374772633,1.0
1.0,"K10854(acetone_carboxylase,_alpha_subunit)",2.399368000134251,1.0
1.0,"K10855(acetone_carboxylase,_beta_subunit)",2.380576236805497,1.0
1.0,"K10856(acetone_carboxylase,_gamma_subunit)",2.232198968600723,1.0
1.0,K10882(crossover_junction_endonuclease_EME1),2.0060788941178807,1.0
1.0,K10928(cholera_enterotoxin_subunit_A),2.764879196354429,1.0
1.0,K10999(cellulose_synthase_A),1.873901468357635,1.0
1.0,K11020(exotoxin_A),2.8461289293021412,1.0
1.0,K11033(non-hemolytic_enterotoxin_A),2.5187265995501544,1.0
1.0,K11035(hemolysin_BL_binding_component),2.7024039208221464,1.0
1.0,K11036(hemolysin_BL_lytic_component_L2),2.6518070477752786,1.0
1.0,K11037(hemolysin_BL_lytic_component_L1),2.656145360524861,1.0
1.0,K11044(C3_family_ADP-ribosyltransferase),18.173700472903526,1.0
1.0,K11095(U1_small_nuclear_ribonucleoprotein_C),131.73658327986487,1.0
1.0,"K11186(mitochondrial_tryparedoxin_peroxidase,_trypanosomatid_typical_2-Cysperoxiredoxin)",2.2169090607179056,1.0
1.0,"K11196(PTS_system,_fructose-specific_IIC_component)",2.7489367430497156,1.0
1.0,K11259(acetolactate_synthase-like_protein),2.0953564690099737,1.0
1.0,K11268(N-acetyltransferase),4.099878557298468,1.0
1.0,K11310(general_transcription_factor_3C_polypeptide_4),1.6693633931726335,1.0
1.0,K11311(anthranilate_dioxygenase_reductase),91.64755157548932,1.0
1.0,K11323(histone_arginine_demethylase_JMJD6),4.75765570888521,1.0
1.0,K11333(chlorophyllide_reductase_iron_protein_subunit_X),4.640832446088328,1.0
1.0,K11346(inhibitor_of_growth_protein_4),42.52307668150156,1.0
1.0,K11365(SAGA-associated_factor_73),2.187354951725613,1.0
1.0,K11416(mono-ADP-ribosyltransferase_sirtuin_6),44.54989863320146,1.0
1.0,K11421(histone-lysine_N-methyltransferase_SETDB),1.7734954812419435,1.0
1.0,K11432(PR_domain_zinc_finger_protein_2),18.408585505194257,1.0
1.0,K11437(protein_arginine_N-methyltransferase_6),28.52496542435299,1.0
1.0,K11480(aurora_kinase_C),2.062573340837464,1.0
1.0,K11559(kinetochore_protein_Mis12/MTW1),2.3148874491444222,1.0
1.0,K11568(DASH_complex_subunit_DAD3),1.9563162325570025,1.0
1.0,K11601(manganese_transport_system_substrate-binding_protein),2.066685513353341,1.0
1.0,K11619(lia_operon_protein_LiaI),2.625930957387595,1.0
1.0,K11848(ubiquitin_carboxyl-terminal_hydrolase_20/33),1.9216331457036204,1.0
1.0,K11869(ubiquitin_carboxyl-terminal_hydrolase_40),5.3646318959722175,1.0
1.0,K11897(type_VI_secretion_system_protein_ImpF),5.025882047289787,1.0
1.0,K11898(type_VI_secretion_system_protein_ImpE),2.4376434403993628,1.0
1.0,K11902(type_VI_secretion_system_protein_ImpA),2.9637185231779473,1.0
1.0,K11919(type_VI_secretion_system_lysozyme-related_protein),2.154026750771796,1.0
1.0,K12007(tripartite_motif-containing_protein_17),6.339517157538452,1.0
1.0,K12026(tripartite_motif-containing_protein_56),1.7108207236777422,1.0
1.0,"K12045(troponin_T,_cardiac_muscle)",8.079781488646862,1.0
1.0,K12075(discs_large_protein),4.740000915499316,1.0
1.0,K12090(cag_pathogenicity_island_protein_5),1.9247252710130762,1.0
1.0,K12117(LOV_kelch_protein_2),2.4421466460893853,1.0
1.0,K12129(pseudo-response_regulator_7),1.7422541210455051,1.0
1.0,K12236(transcriptional_repressor_NF-X1),2.2495225485604484,1.0
1.0,K12279(MSHA_biogenesis_protein_MshI),5.896447097641027,1.0
1.0,K12338(anthocyanin_5-O-glucosyltransferase),2.0240309752972565,1.0
1.0,K12348(acid_ceramidase),2.3385282237171148,1.0
1.0,K12351(sphingomyelin_phosphodiesterase_2),2.6878405804937446,1.0
1.0,K12432(polyketide_synthase_3/4),3.427753301529154,1.0
1.0,K12434(polyketide_synthase_7),3.069527832190102,1.0
1.0,K12435(polyketide_synthase_8),16.065842032024076,1.0
1.0,K12487(G_protein-coupled_receptor_kinase_interactor_2),2.0336238831530475,1.0
1.0,K12513(tight_adherence_protein_E),11.861062320461793,1.0
1.0,K12514(tight_adherence_protein_F),11.200180162152007,1.0
1.0,K12534(membrane_fusion_protein_RsaE),2.1699785156075677,1.0
1.0,K12537(protease_secretion_protein_HasE),4.169796152358075,1.0
1.0,K12650(TRAF_family_member-associated_NF-kappa-B_activator),2.3128118776023534,1.0
1.0,"K12663(delta(3,5)-Delta(2,4)-dienoyl-CoA_isomerase)",10.537861906904535,1.0
1.0,K12794(caspase_recruitment_domain-containing_protein_9),9.83336794579136,1.0
1.0,K12805(NLR_family_CARD_domain-containing_protein_4),2.038379477009399,1.0
1.0,K12873(bud_site_selection_protein_31),3.501392165277719,1.0
1.0,K12878(THO_complex_subunit_1),4.719130519802149,1.0
1.0,K12895(heterogeneous_nuclear_ribonucleoprotein_C-like_2),2.327294284616407,1.0
1.0,K12951(cation-transporting_P-type_ATPase_D),2.0074887357052167,1.0
1.0,K12968(double-stranded_RNA-specific_adenosine_deaminase),78.83445329281928,1.0
1.0,K12976(lipid_A_3-O-deacylase),12.177457131153163,1.0
1.0,"K13054(meiotic_recombination_protein_REC8,_animal_type)",1.9652922857826014,1.0
1.0,K13060(acyl_homoserine_lactone_synthase),11.524464259140718,1.0
1.0,K13061(acyl_homoserine_lactone_synthase),10.242541434979506,1.0
1.0,K13066(caffeic_acid_3-O-methyltransferase),2.196261308733962,1.0
1.0,"K13085(phosphatidylinositol-4,5-bisphosphate_4-phosphatase)",5.287468699212814,1.0
1.0,K13105(proline-rich_protein_PRCC),2.017651958808262,1.0
1.0,K13122(protein_FRG1),11.758340557246997,1.0
1.0,K13158(heterogeneous_nuclear_ribonucleoprotein_A2/B1),2.4822557713445117,1.0
1.0,"K13166(splicing_factor,_arginine/serine-rich_14)",2.4978271883428653,1.0
1.0,K13185(ATP-dependent_RNA_helicase_DHX30),2.083371965117836,1.0
1.0,K13230(O-methyltransferase),2.1395801816444378,1.0
1.0,K13284(invasin_A),2.2968526548052877,1.0
1.0,K13304(serum/glucocorticoid-regulated_kinase_3),18.199209248704815,1.0
1.0,"K13402(monofunctional_C1-tetrahydrofolate_synthase,_mitochondrial)",49.480470196482294,1.0
1.0,K13459(disease_resistance_protein_RPS2),2.093916070251846,1.0
1.0,K13544(pheophorbidase),2.6248622754836353,1.0
1.0,K13580(magnesium_chelatase_subunit_ChlD-like_protein),2.42537594563252,1.0
1.0,K13600(chlorophyllide_a_oxygenase),1.8018251250716257,1.0
1.0,"K13669(alpha-1,2-mannosyltransferase)",2.3238633632798824,1.0
1.0,K13692(UDP-glucose:(indol-3-yl)acetate_beta-D-glucosyltransferase),2.2917639049059098,1.0
1.0,"K13748(alpha-1,3-mannosylglycoproteinbeta-1,4-N-acetylglucosaminyltransferase_C)",2.002990357804705,1.0
1.0,K13776(citronellyl-CoA_synthetase),1.8294979206930946,1.0
1.0,K13791(invasion_plasmid_antigen),128.35628390557025,1.0
1.0,K13816(DSF_synthase),2.326627884796606,1.0
1.0,K13960(ubiquitin-conjugating_enzyme_E2_T),2.1041981529513007,1.0
1.0,K14032(nuclear_receptor_subfamily_2_group_F_member_3),2.931972653649316,1.0
1.0,K14079(),388.029169558695,1.0
1.0,K14257(FADH2_O2-dependent_halogenase_II),2.332162947312825,1.0
1.0,K14294(partner_of_Y14_and_mago),2.8956120185285417,1.0
1.0,K14318(nuclear_pore_complex_protein_Nup88),7.942004184194628,1.0
1.0,K14321(nucleoporin-like_protein_2),6.737469620416968,1.0
1.0,K14322(polyadenylate-binding_protein-interacting_protein_1),3.9632604619051586,1.0
1.0,K14323(protein_CASC3),3.1121623319374465,1.0
1.0,K14343(),3.6464458990068893,1.0
1.0,K14360(organic_solute_transporter_subunit_alpha),7.122149136971528,1.0
1.0,K14461(Niemann-Pick_C1-like_protein_1),13.613998766729338,1.0
1.0,K14485(),2.095166243183838,1.0
1.0,K14490(),2.3321106206205062,1.0
1.0,K14578(),2.52952593144335,1.0
1.0,K14584(),2.5863636834002577,1.0
1.0,K14614(),2.2844501234513594,1.0
1.0,K14619(),1.8864386230129606,1.0
1.0,K14630(),2.1403494209139926,1.0
1.0,K14693(),4.021841192871243,1.0
1.0,K14728(),1.906630505219124,1.0
1.0,K14954(),2.626883904041977,1.0
1.0,K15017(),1.7664864247087544,1.0
1.0,K15052(),2.0588767364082927,1.0
1.0,K15179(),2.01763207426947,1.0
1.0,K15197(),2.222154235162709,1.0
1.0,K15232(),1.692436794578038,1.0
1.0,K15259(),13.291632896405854,1.0
1.0,K15297(),7.1207444034006375,1.0
1.0,K15313(),1.96931151759256,1.0
1.0,K15317(),1.9576057761294563,1.0
1.0,K15321(),1.9547416773398494,1.0
1.0,K15341(),2.0138299862027806,1.0
1.0,K15368(),38.741679633605976,1.0
1.0,K15377(),9.388052376734711,1.0
1.0,K15393(),1.6528376903602147,1.0
1.0,K15415(),1.431503453633956,1.0
1.0,K15416(),1.385497500253294,1.0
1.0,K15420(),2.171911990400282,1.0
1.0,K15431(),2.049767785649747,1.0
1.0,K15442(),3.8972270663547564,1.0
1.0,K15445(),2.25280993507188,1.0
1.0,K15468(),2.529525428981624,1.0
1.0,K15516(),22.734541182316057,1.0
1.0,K15526(),3.7508999718392144,1.0
1.0,K15528(),1.6868374577413563,1.0
1.0,K15557(),5.996067874176701,1.0
1.0,K15589(),1.7092236234078308,1.0
1.0,K15601(),1.3029480460682736,1.0
1.0,K15716(),2.3097117677751893,1.0
1.0,K15717(),13.387713356931746,1.0
1.0,K15730(),182.1438977667878,1.0
1.0,K15741(),2.2821381887733305,1.0
1.0,K15811(),15.976957657103782,1.0
1.0,"K00490(cytochrome_P450,_family_4,_subfamily_F_(leukotriene-B420-monooxygenase))",1.0,5.978870920278157
1.0,K00508(linoleoyl-CoA_desaturase),1.0,27.801254346684814
1.0,K00597([methionine_synthase]_reductase),1.0,4.639405957068038
1.0,K01177(beta-amylase),1.0,46.26478363983438
1.0,K01325(tissue_kallikrein),1.0,5.355512967300373
1.0,K02262(cytochrome_c_oxidase_subunit_III),1.0,6.5928679882468115
1.0,K02351(putative_membrane_protein),1.0,6.639338391735903
1.0,K03794(sirohydrochlorin_ferrochelatase),1.0,6.034628477120598
1.0,"K03846(alpha-1,2-mannosyltransferase)",1.0,5.7361036146454625
1.0,K04266(adenosine_receptor_A2a),1.0,5.771639712261842
1.0,K04267(adenosine_receptor_A2b),1.0,5.869155282002201
1.0,K04613(vomeronasal_2_receptor),1.0,4.120927652272137
1.0,K04904(potassium_voltage-gated_channel_Eag-related_subfamily_H_member_1),1.0,3.9284443637029876
1.0,K04908(potassium_voltage-gated_channel_Eag-related_subfamily_H_member_5),1.0,3.9163287551406003
1.0,K04947(potassium_channel_subfamily_T_member_2),1.0,10.914423456138332
1.0,"K05451(nerve_growth_factor,_alpha)",1.0,5.372805348309217
1.0,"K05917(cytochrome_P450,_family_51_(sterol_14-demethylase))",1.0,5.788597802318803
1.0,K06294(spore_germination_protein_D),1.0,6.7378743760354745
1.0,K06299(spore_germination_protein_PA),1.0,48.70839319565232
1.0,K06300(spore_germination_protein_PB),1.0,7.132140331899926
1.0,K06318(forespore_regulator_of_the_sigma-K_checkpoint),1.0,4.925764311657334
1.0,K06327(spore_coat_protein_D),1.0,8.826947587841367
1.0,K06342(spore_coat_protein_X),1.0,65.45317133199848
1.0,K06347(kinase-associated_protein_B),1.0,6.794373271103444
1.0,K06371(developmental_checkpoint_coupling_sporulation_initiation_toreplication_initiation),1.0,6.574458313924563
1.0,K06376(stage_0_sporulation_regulatory_protein),1.0,7.033208252994597
1.0,K06388(stage_II_sporulation_protein_SA),1.0,5.326712711733316
1.0,K06428(small_acid-soluble_spore_protein_K_(minor)),1.0,9.588026096590887
1.0,K06434(small_acid-soluble_spore_protein_(thioredoxin-like_protein)),1.0,5.318294408831081
1.0,K06467(CD22_antigen),1.0,5.615059640365715
1.0,"K07424(cytochrome_P450,_family_3,_subfamily_A)",1.0,55.43970505126549
1.0,"K07427(cytochrome_P450,_family_4,_subfamily_V)",1.0,25.851012447185504
1.0,K07545((R)-benzylsuccinyl-CoA_dehydro_genase),1.0,5.0204576536179015
1.0,"K07856(Ras_homolog_gene_family,_member_B)",1.0,5.719161520151275
1.0,K07875(Ras-related_protein_Rab-1B),1.0,5.221327834830449
1.0,K08020(Rap_guanine_nucleotide_exchange_factor_(GEF)_6),1.0,9.271624299014446
1.0,K08638(carboxypeptidase_X1),1.0,4.670185276906646
1.0,K08828(intestinal_cell_(MAK-like)_kinase),1.0,4.1660401159967355
1.0,K09190(hypothetical_protein),1.0,40.976295500006984
1.0,K09462(glandular_kallikrein_13),1.0,5.355512967300373
1.0,K09563(peptidyl-prolyl_isomerase_C_(cyclophilin_C)),1.0,6.305766869994993
1.0,K09623(kallikrein_15),1.0,4.83007086766724
1.0,K10631(E3_ubiquitin-protein_ligase_Topors),1.0,4.370311661008902
1.0,K10717(cytokinin_trans-hydroxylase),1.0,5.813408247230497
1.0,K11008(cytotoxic_necrotizing_factor_1),1.0,6.993056700218516
1.0,K11099(small_nuclear_ribonucleoprotein_G),1.0,6.097167793494623
1.0,K11290(template-activating_factor_I),1.0,23.164775663451177
1.0,K11831(nuclear_respiratory_factor_1),1.0,4.043581611492654
1.0,K12226(proline/betaine_transport_protein_TphA),1.0,186.4955211580541
1.0,K12645(epi-isozizaene_5-monooxygenase),1.0,6.02468840149433
1.0,"K13241(nitric-oxide_synthase,_inducible)",1.0,43.990739922742364
1.0,K13823(hemoglobin_subunit_beta),1.0,9.093331096552985
1.0,K13825(hemoglobin_subunit_epsilon),1.0,9.286544064220639
1.0,K14216(2'-5'-oligoadenylate_synthetase),1.0,4.741995248722276
1.0,K14259(2-keto-3-deoxyxylonate_dehydratase),1.0,5.403364454211822
1.0,K14266(FADH2_O2-dependent_halogenase_I),1.0,3.6547580694979533
1.0,K14372(cytochrome_P450_hydroxylase),1.0,38.24582444269279
1.0,"K14423(4,4-dimethyl-9beta,19-cyclopropylsterol-4alpha-methyl_oxidase)",1.0,6.0192898688710885
1.0,K14424(4-alpha-methyl-delta7-sterol-4alpha-methyl_oxidase),1.0,6.970009310901388
1.0,K14697(),1.0,4.534078500200978
1.0,K15001(),1.0,26.5147859691407
1.0,K15153(),1.0,7.209115829755166
1.0,K15253(),1.0,5.6959242671049175
1.0,K15404(),1.0,5.292679664752614
1.0,K15424(),1.0,5.228334931941891
1.0,K15513(),1.0,31.22019147843156
1.0,K15537(),1.0,35.6984610892535
1.0,K15746(),1.0,6.045270555180609
1.0,K15785(),1.0,106.70501910439728
1.3690234865758317,"K00107(D-arabinono-1,4-lactone_oxidase)",1.0,1.0
1.7463000964750515,K00232(acyl-CoA_oxidase),1.0,1.0
1.7764807836856327,K00236(succinate_dehydrogenase_(ubiquinone)_cytochrome_b_subunit),1.0,1.0
1.6586284027322944,K00237(succinate_dehydrogenase_(ubiquinone)_membrane_anchor_subunit),1.0,1.0
1.4880430611569848,K00295(methylenetetrahydrofolate_dehydrogenase_(NAD+)),1.0,1.0
1.568821483032172,K00308(N1-acetylpolyamine_oxidase),1.0,1.0
1.8199155341372621,K00418(ubiquinol-cytochrome_c_reductase_subunit_8),1.0,1.0
1.7203490572805336,K00420(ubiquinol-cytochrome_c_reductase_subunit_10),1.0,1.0
1.9900980487767592,"K00448(protocatechuate_3,4-dioxygenase,_alpha_subunit)",1.0,1.0
1.9900980487767592,"K00449(protocatechuate_3,4-dioxygenase,_beta_subunit)",1.0,1.0
1.9036500992683054,K00477(phytanoyl-CoA_hydroxylase),1.0,1.0
1.5397489998178553,K00485(dimethylaniline_monooxygenase_(N-oxide_forming)),1.0,1.0
1.575368662455937,K00507(stearoyl-CoA_desaturase_(delta-9_desaturase)),1.0,1.0
12.322105754974652,K00531(nitrogenase),1.0,1.0
1.5146126527151929,K00550(methylene-fatty-acyl-phospholipid_synthase),1.0,1.0
1.3750168813792438,K00589(uroporphyrin-III_C-methyltransferase),1.0,1.0
1.5030911280721286,K00623(choline_O-acetyltransferase),1.0,1.0
1.5562813702544338,K00637(sterol_O-acyltransferase),1.0,1.0
1.6719881162940045,K00664(alcohol_O-acetyltransferase),1.0,1.0
1.5762182054471499,"K00668(fatty_acid_synthase_subunit_beta,_fungi_type)",1.0,1.0
1.6044092210434964,K00671(glycylpeptide_N-tetradecanoyltransferase),1.0,1.0
1.5137816125667554,K00679(phospholipid:diacylglycerol_acyltransferase),1.0,1.0
1.5900880161707656,K00898(pyruvate_dehydrogenase_kinase),1.0,1.0
1.5819007730574577,K00905(N/A),1.0,1.0
1.626073080657068,K01098(polynucleotide_5'-phosphatase),1.0,1.0
1.5887990012668867,K01102(pyruvate_dehydrogenase_phosphatase),1.0,1.0
1.7174826788789457,"K01110(phosphatidylinositol-3,4,5-trisphosphate_3-phosphatase)",1.0,1.0
1.5690554792287648,K01381(saccharopepsin),1.0,1.0
1.6504150330395997,K01383(barrierpepsin),1.0,1.0
1.5735988704099317,K01490(AMP_deaminase),1.0,1.0
1.5557468799653535,K01526(guanosine-diphosphatase),1.0,1.0
1.593994536790914,K01634(sphinganine-1-phosphate_aldolase),1.0,1.0
1.6075745003470279,K01764(cytochrome_c_heme-lyase),1.0,1.0
1.7933213979261298,K02127(F-type_H+-transporting_ATPase_subunit_b),1.0,1.0
1.7759847937106332,K02135(F-type_H+-transporting_ATPase_subunit_epsilon),1.0,1.0
1.7919814945397934,K02138(F-type_H+-transporting_ATPase_subunit_d),1.0,1.0
1.626198189838415,K02139(F-type_H+-transporting_ATPase_subunit_f),1.0,1.0
1.5951741962842108,K02141(F-type_H+-transporting_ATPase_subunit_h),1.0,1.0
1.758855927329803,K02146(V-type_H+-transporting_ATPase_subunit_AC39),1.0,1.0
3.5891909185516404,K02207(ubiquitin-conjugating_enzyme_E2_R),1.0,1.0
1.7364224512555693,K02209(minichromosome_maintenance_protein_5_(cell_division_control_protein46)),1.0,1.0
1.728798007729659,K02210(minichromosome_maintenance_protein_7_(cell_division_control_protein47)),1.0,1.0
1.6542139059988668,K02220(G2/mitotic-specific_cyclin_1/2),1.0,1.0
1.6300907208019175,K02260(cytochrome_c_oxidase_subunit_XVII_assembly_protein),1.0,1.0
1.773388121351813,K02263(cytochrome_c_oxidase_subunit_IV),1.0,1.0
3.5582596079301485,K02266(cytochrome_c_oxidase_subunit_VIa),1.0,1.0
1.7873813675923282,K02267(cytochrome_c_oxidase_subunit_VIb),1.0,1.0
1.5557145892014497,K02307(DASH_complex_subunit_DAM1),1.0,1.0
1.6345132402678109,K02309(regulatory_subunit_for_Cdc7p_protein_kinase),1.0,1.0
1.874383864919815,K02326(DNA_polymerase_epsilon_subunit_3),1.0,1.0
1.8782091938296595,K02463(general_secretion_pathway_protein_N),1.0,1.0
1.62026223047242,K02537(mitotic_spindle_assembly_checkpoint_protein_MAD2),1.0,1.0
1.712847244452188,K02542(minichromosome_maintenance_protein_6),1.0,1.0
1.5641584569523672,K02543(cell_cycle_checkpoint_protein_MEC1),1.0,1.0
1.5950431324071865,K02544(G2-specific_checkpoint_protein),1.0,1.0
1.420292600860894,K02555(M-phase_inducer_tyrosine_phosphatase),1.0,1.0
1.8533885795945073,K02593(nitrogen_fixation_protein_NifT),1.0,1.0
1.8938965264119012,K02597(nitrogen_fixation_protein_NifZ),1.0,1.0
1.63865166739381,K02608(origin_recognition_complex_subunit_6),1.0,1.0
1.5349878582527177,K02627(cell_cycle_regulator),1.0,1.0
1.775070798706407,K02684(DNA_primase_small_subunit),1.0,1.0
1.6496052061085607,K02726(20S_proteasome_subunit_alpha_2),1.0,1.0
1.6233419345987243,K02729(20S_proteasome_subunit_alpha_5),1.0,1.0
1.61320912920193,K02731(20S_proteasome_subunit_alpha_4),1.0,1.0
1.4453698976806701,K02734(20S_proteasome_subunit_beta_4),1.0,1.0
1.5850415206030226,K02736(20S_proteasome_subunit_beta_7),1.0,1.0
1.55220334194294,K02739(20S_proteasome_subunit_beta_2),1.0,1.0
1.5982496911965276,K02894(large_subunit_ribosomal_protein_L23e),1.0,1.0
1.5784479895801578,K02898(large_subunit_ribosomal_protein_L26e),1.0,1.0
1.6410851601372478,K02934(large_subunit_ribosomal_protein_L6e),1.0,1.0
1.6144333959175636,K02942(large_subunit_ribosomal_protein_LP1),1.0,1.0
1.539511288244491,K02947(small_subunit_ribosomal_protein_S10e),1.0,1.0
1.611673667909627,K02964(small_subunit_ribosomal_protein_S18e),1.0,1.0
1.5666496315014158,K02975(small_subunit_ribosomal_protein_S25e),1.0,1.0
1.6592175489974206,K03005(DNA-directed_RNA_polymerase_I_subunit_A49),1.0,1.0
1.770307175782358,K03009(DNA-directed_RNA_Polymerase_II_subunit_K),1.0,1.0
1.609598693663898,K03022(DNA-directed_RNA_polymerase_III_subunit_C25),1.0,1.0
1.6985282088688438,K03023(DNA-directed_RNA_polymerase_III_subunit_C3),1.0,1.0
1.6162592028484009,K03028(26S_proteasome_regulatory_subunit_N1),1.0,1.0
1.520030317191114,K03033(26S_proteasome_regulatory_subunit_N3),1.0,1.0
1.6143755880412676,K03037(26S_proteasome_regulatory_subunit_N7),1.0,1.0
1.437354345079525,K03038(26S_proteasome_regulatory_subunit_N8),1.0,1.0
1.5592659076523077,K03107(signal_recognition_particle_subunit_SRP68),1.0,1.0
1.6204691282834214,K03123(transcription_initiation_factor_TFIIA_small_subunit),1.0,1.0
1.6272857087266357,K03133(transcription_initiation_factor_TFIID_subunit_D7),1.0,1.0
1.6199985583562984,K03134(transcription_initiation_factor_TFIID_subunit_D8),1.0,1.0
1.6294651332889185,K03137(transcription_initiation_factor_TFIIE_beta_subunit),1.0,1.0
1.6094001318174702,K03140(transcription_initiation_factor_TFIIF_small_subunit),1.0,1.0
1.6116043417156485,K03141(transcription_initiation_factor_TFIIH_subunit_H1),1.0,1.0
1.6707341701178935,K03175(TNF_receptor-associated_factor_6),1.0,1.0
1.455832047101317,K03256(tRNA_(adenine-N(1)-)-methyltransferase_non-catalytic_subunit),1.0,1.0
1.6085167318453397,K03261(translation_initiation_factor_eIF-4F_subunit_P20),1.0,1.0
1.7962269359454417,K03356(anaphase-promoting_complex_subunit_9),1.0,1.0
1.8245294103722627,K03357(anaphase-promoting_complex_subunit_10),1.0,1.0
1.7951995753731478,K03358(anaphase-promoting_complex_subunit_11),1.0,1.0
1.8495594440553065,K03464(muconolactone_D-isomerase),1.0,1.0
1.812030186051104,K03506(DNA_polymerase_epsilon_subunit_4),1.0,1.0
1.5415087680498838,K03509(DNA_polymerase_eta_subunit),1.0,1.0
1.740500106453028,K03661(V-type_H+-transporting_ATPase_21kDa_proteolipid_subunit),1.0,1.0
1.6262091357680513,K03681(exosome_complex_component_RRP40),1.0,1.0
1.7409549246024094,K03854(mannosyltransferase),1.0,1.0
1.4068700302828732,"K03859(phosphatidylinositol_glycan,_class_C)",1.0,1.0
1.3872450970105599,"K03860(phosphatidylinositol_glycan,_class_Q)",1.0,1.0
1.607148378756868,"K03861(phosphatidylinositol_glycan,_class_P)",1.0,1.0
1.4713048890607157,K03869(cullin_3),1.0,1.0
1.7271144039482411,"K03872(transcription_elongation_factor_B,_polypeptide_1)",1.0,1.0
1.5693769656240095,K03954(NADH_dehydrogenase_(ubiquinone)_1_alpha_subcomplex_10),1.0,1.0
1.8678916870604598,K04353(Ras-related_protein_Rap-1A),1.0,1.0
1.8065565441917482,K04364(growth_factor_receptor-binding_protein_2),1.0,1.0
1.9304578191582136,K04392(Ras-related_C3_botulinum_toxin_substrate_1),1.0,1.0
1.716987438805859,K04438(proto-oncogene_C-crk),1.0,1.0
1.3824281211453042,K04450(activating_transcription_factor_2),1.0,1.0
1.4012537263779783,K04523(ubiquilin),1.0,1.0
1.7359253280022764,K04554(ubiquitin-conjugating_enzyme_E2_J2),1.0,1.0
1.7363747569891992,K04555(ubiquitin-conjugating_enzyme_E2_G2),1.0,1.0
1.7584988488418498,"K04630(guanine_nucleotide_binding_protein_(G_protein),_alpha_inhibitingactivity_polypeptide)",1.0,1.0
1.4874533130897896,K04709(Acyl-CoA-dependent_ceramide_synthase),1.0,1.0
1.5199677423771787,K04711(dihydroceramidase),1.0,1.0
1.4631552693968095,K04901(potassium_voltage-gated_channel_subfamily_G_member_2),1.0,1.0
1.6568744567575178,K04953(cyclic_nucleotide_gated_channel_beta_3),1.0,1.0
1.486358149560143,K05033(ATP-binding_cassette_subfamily_C_(CFTR/MRP)_member_9),1.0,1.0
1.5646627885822706,K05064(interleukin_12_receptor_beta-2),1.0,1.0
2.131861280844809,K05274(potassium_large_conductance_calcium-activated_channel_subfamily_Malpha_member_3),1.0,1.0
1.556933818349661,"K05291(phosphatidylinositol_glycan,_class_S)",1.0,1.0
1.507090617564219,K05294(glycosylphosphatidylinositol_deacylase),1.0,1.0
1.4659328371410438,K05302(SET_domain-containing_protein_6),1.0,1.0
1.6803639016452017,K05409(TRIF-related_adaptor_molecule),1.0,1.0
2.529109766830552,K05464(growth_arrest-specific_6),1.0,1.0
1.6260018689432876,K05529(mannan_polymerase_complexes_MNN9_subunit),1.0,1.0
1.518527927046467,K05530(mannan_polymerase_I_complex_VAN1_subunit),1.0,1.0
1.491921089171154,K05531(mannan_polymerase_II_complex_MNN10_subunit),1.0,1.0
1.6082094658537887,"K05535(alpha_1,2-mannosyltransferase)",1.0,1.0
1.6148693372683902,"K05536(alpha_1,2-mannosyltransferase)",1.0,1.0
1.521306012699147,"K05538(alpha_1,3-mannosyltransferase)",1.0,1.0
1.9370263675923696,"K05549(benzoate_1,2-dioxygenase_alpha_subunit)",1.0,1.0
1.9370263675923696,"K05550(benzoate_1,2-dioxygenase_beta_subunit)",1.0,1.0
1.5871556979471477,"K05676(ATP-binding_cassette,_subfamily_D_(ALD),_member_2)",1.0,1.0
1.321203130119472,K05727(dedicator_of_cytokinesis_3/4/5),1.0,1.0
2.265065839330275,"K05742(solute_carrier_family_9,_member_1)",1.0,1.0
1.4804949954448212,K05749(cytoplasmic_FMR1_interacting_protein),1.0,1.0
1.7635038033899413,"K05754(actin_related_protein_2/3_complex,_subunit_5)",1.0,1.0
1.775885955319146,"K05755(actin_related_protein_2/3_complex,_subunit_4)",1.0,1.0
1.620492789171689,K05759(profilin),1.0,1.0
1.6798137835167297,K05765(cofilin),1.0,1.0
1.5908358159337412,K05766(slingshot),1.0,1.0
1.5203286249178578,K05848(phytoceramidase),1.0,1.0
1.4982036003590877,"K05857(phospholipase_C,_delta)",1.0,1.0
1.5555569207583229,"K05861(phospholipase_C,_zeta)",1.0,1.0
1.747443194441886,K05863(solute_carrier_family_25_(mitochondrial_carrier;_adenine_nucleotidetranslocator)),1.0,1.0
1.6412414099692472,K05955(protein_farnesyltransferase/geranylgeranyltransferase_type-1_subunitalpha),1.0,1.0
1.6745979815951288,K06005(aspergillopepsin_I),1.0,1.0
1.7200185273334712,K06009(yapsin_1),1.0,1.0
1.5595030554237905,K06018(endopolyphosphatase),1.0,1.0
1.5815541205249142,K06047(tubulin---tyrosine_ligase),1.0,1.0
1.510039530683574,K06111(exocyst_complex_component_4),1.0,1.0
1.93630379705845,K06137(pyrroloquinoline-quinone_synthase),1.0,1.0
1.7224408453666107,K06257(syndecan),1.0,1.0
1.8312360331454973,"K06268(protein_phosphatase_3,_regulatory_subunit)",1.0,1.0
1.4718378364620284,"K06573(solute_carrier_family_4_(anion_exchanger),_member_1)",1.0,1.0
1.7265992784024449,K06630(tyrosine_3-monooxygenase/tryptophan_5-monooxygenase_activationprotein),1.0,1.0
1.600562318249199,K06646(G1/S-specific_cyclin_CLN3),1.0,1.0
1.6446239170548465,K06649(regulatory_protein_SWI4),1.0,1.0
1.7050454883858142,K06650(G1/S-specific_cyclin_CLN2),1.0,1.0
1.5003351733628678,K06651(S-phase_entry_cyclin_5/6),1.0,1.0
1.5298332504475487,K06652(cyclin-dependent_kinase_inhibitor_FAR1),1.0,1.0
1.5291545564553841,K06656(G1/S-specific_cyclin_PLC1),1.0,1.0
1.4836431577166314,K06657(G1/S-specific_cyclin_PLC2),1.0,1.0
1.6782800441863837,K06659(G2/mitotic-specific_cyclin_3/4),1.0,1.0
1.6741461456649656,K06661(DNA_repair_protein_RAD9),1.0,1.0
1.5882512055894062,K06663(DNA_damage_checkpoint_protein),1.0,1.0
1.6825362628458536,K06671(cohesin_complex_subunit_SA-1/2),1.0,1.0
1.338865361559206,K06673(cohesin_loading_factor_subunit_SCC4),1.0,1.0
1.616842394232533,K06680(spindle_assembly_checkpoint_component_MAD3),1.0,1.0
1.6220998422625288,K06681(Gdp/GTP_exchange_factor_required_for_growth_at_low_temperatures),1.0,1.0
1.5206926856662761,K06682(Gtp-binding_protein_of_the_ras_superfamily_involved_in_terminationof_M-phase),1.0,1.0
1.623735286591124,K06688(ubiquitin-conjugating_enzyme_E2_C),1.0,1.0
1.6214056433758606,K06691(26S_proteasome_regulatory_subunit_N13),1.0,1.0
1.6353633301760124,K06693(26S_proteasome_non-ATPase_regulatory_subunit_9),1.0,1.0
1.538144032568532,K06774(neurotrimin),1.0,1.0
2.008427630284936,K06892(ATP-dependent_Clp_protease_adaptor_protein_ClpS),1.0,1.0
3.254594627866805,K07061(mannosyl-3-phosphoglycerate_phosphatase),1.0,1.0
1.5047494479459007,K07195(exocyst_complex_component_7),1.0,1.0
1.5982461191315638,K07204(regulatory_associated_protein_of_mTOR),1.0,1.0
1.654001738980124,K07208(Ras_homolog_enriched_in_brain),1.0,1.0
1.8657367663715618,K07395(putative_proteasome-type_protease),1.0,1.0
1.8718895190503102,K07401(selenoprotein_W-related_protein),1.0,1.0
2.3670031888979626,K07520(actin-binding_LIM_protein),1.0,1.0
1.5136775753470142,K07526(SLIT-ROBO_Rho_GTPase_activating_protein),1.0,1.0
1.5951624082194913,K07532(Rho_guanine_nucleotide_exchange_factor_12),1.0,1.0
1.3547190253580268,K07543(benzylsuccinate_CoA-transferase_BbsE_subunit),1.0,1.0
1.4668525246214392,K07555(ATP_synthase_mitochondrial_F1_complex_assembly_factor_1),1.0,1.0
1.5269176024709246,K07565(60S_ribosome_subunit_biogenesis_protein_NIP7),1.0,1.0
1.6260716619933908,K07756(inositol-hexakisphosphate_kinase),1.0,1.0
1.4395968485085977,K07824(benzoate_4-monooxygenase),1.0,1.0
1.8759032838969232,K07836(Ras-related_protein_Rap-1B),1.0,1.0
1.617214549204104,"K07863(Ras_homolog_gene_family,_member_G)",1.0,1.0
2.3376313387902825,"K07870(Ras_homolog_gene_family,_member_T1)",1.0,1.0
1.7421698319949737,K07897(Ras-related_protein_Rab-7A),1.0,1.0
1.623585383788948,K07936(GTP-binding_nuclear_protein_Ran),1.0,1.0
1.7351001451473134,K07941(ADP-ribosylation_factor_6),1.0,1.0
1.3838861814213952,K07942(ADP-ribosylation_factor-like_1),1.0,1.0
1.597199221977041,K07953(GTP-binding_protein_SAR1),1.0,1.0
1.683572560569726,"K07972(guanine_nucleotide_binding_protein_(G_protein),_beta,_other)",1.0,1.0
1.5115061799499705,"K07973(guanine_nucleotide_binding_protein_(G_protein),_gamma,_other)",1.0,1.0
1.4983597494053849,K08052(neurofibromin_1),1.0,1.0
1.6936146023571457,"K08141(MFS_transporter,_SP_family,_general_alpha_glucoside:H+_symporter)",1.0,1.0
1.360475130995127,"K08146(MFS_transporter,_SP_family,_solute_carrier_family_2_(facilitatedglucose_transporter),_member_9)",1.0,1.0
1.5652916994704815,"K08158(MFS_transporter,_DHA1_family,_multidrug_resistance_protein)",1.0,1.0
1.5658370530496746,"K08165(MFS_transporter,_DHA2_family,_multidrug_resistance_protein)",1.0,1.0
1.5407425840888285,K08232(monodehydroascorbate_reductase_(NADH)),1.0,1.0
1.445791577732338,K08267(rapamycin-insensitive_companion_of_mTOR),1.0,1.0
1.4856302623419704,K08272(calcium_binding_protein_39),1.0,1.0
1.6033297984951822,K08284(calcium_channel_MID1),1.0,1.0
1.998950941683715,K08329(autophagy-related_protein_17),1.0,1.0
1.4819517238315598,K08331(autophagy-related_protein_13),1.0,1.0
1.5858054961459216,K08332(vacuolar_protein_8),1.0,1.0
1.707513024512453,K08336(autophagy-related_protein_12),1.0,1.0
1.4722289799512276,K08339(autophagy-related_protein_5),1.0,1.0
1.627593496303354,K08340(autophagy-related_protein_16),1.0,1.0
1.587179667992824,K08343(autophagy-related_protein_3),1.0,1.0
1.6002801958203352,K08498(syntaxin_6),1.0,1.0
1.638322287296718,K08499(member_of_the_syntaxin_family_of_t-SNAREs),1.0,1.0
1.6409434927580457,K08501(syntaxin_8),1.0,1.0
1.657578470128911,K08502(regulator_of_vacuolar_morphogenesis),1.0,1.0
1.6244640653626075,K08504(blocked_early_in_transport_1),1.0,1.0
1.6354697604648785,K08516(synaptobrevin_homolog_YKT6),1.0,1.0
1.3604396886449146,K08518(syntaxin_binding_protein_5_(tomosyn)),1.0,1.0
2.347819233504374,K08576(calpain-7),1.0,1.0
1.8417204906044904,"K08686(2-chlorobenzoate_1,2-dioxygenase)",1.0,1.0
3.6359236684259066,K08738(cytochrome_c),1.0,1.0
1.6024753342992004,K08787(dipeptidyl_aminopeptidase_Ste13),1.0,1.0
1.6037036794799608,K08870(PTK9_protein_tyrosine_kinase_9),1.0,1.0
1.43864543837196,K08873(PI-3-kinase-related_kinase_SMG-1),1.0,1.0
1.537377412228583,K08878(breakpoint_cluster_region_protein),1.0,1.0
1.6304853022383243,K09043(fungal_AP-1-like_factor),1.0,1.0
1.5261488124207803,"K09051(cAMP_response_element-binding_protein,_other_eukaryote)",1.0,1.0
1.7162156607013226,K09054(activating_transcription_factor_6),1.0,1.0
1.5972054433426361,"K09062(bZIP_factor,_other)",1.0,1.0
1.6375162889922232,K09102(heteromeric_Ino2p/Ino4p_transcription_factor),1.0,1.0
1.5163984408157005,"K09104(bHLH_factor,_other)",1.0,1.0
1.352535743271779,K09189(myeloid/lymphoid_or_mixed-lineage_leukemia_protein_5),1.0,1.0
22.928921121482,K09191(general_transcription_factor_IIIA),1.0,1.0
1.6289714533033544,K09202(regulatory_protein_SWI5),1.0,1.0
1.4722670220973002,K09207(krueppel-like_factor_6/7),1.0,1.0
1.5232933521182328,K09219(scratch),1.0,1.0
1.4634412524542046,K09224(zinc_finger_protein_ZIC_1/3),1.0,1.0
1.4094371926326885,K09232(zinc_finger_protein_GLIS1/3),1.0,1.0
7.478032398061533,K09239(human_immunodeficiency_virus_type_I_enhancer-binding_protein),1.0,1.0
1.5633876247340472,K09240(transcriptional_regulatory_protein_CAT8),1.0,1.0
1.552135062287425,K09241(transcriptional_regulatory_protein_GAL4),1.0,1.0
1.5842261528048622,K09242(transcriptional_regulatory_protein_LEU3),1.0,1.0
1.4235683526116356,K09243(transcriptional_regulatory_protein_UME6),1.0,1.0
1.513218364324331,K09244(transcriptional_regulatory_protein_AMDR),1.0,1.0
1.501649955881612,K09246(arginine_metabolism_regulation_protein_II),1.0,1.0
1.3836147780558503,K09247(heme_activator_protein_1),1.0,1.0
1.4660684034306366,K09248(proline_utilization_trans-activator),1.0,1.0
1.4858583284318003,K09249(ARS-binding_factor_1),1.0,1.0
1.5344372354919742,K09281(copper-fist_transcription_factor),1.0,1.0
1.5199428397310764,K09355(pre-B-cell_leukemia_transcription_factor),1.0,1.0
1.6492556769570361,K09359(mating-type_protein_A2),1.0,1.0
1.5264738473835529,K09391(E2F_transcription_factor_7/8),1.0,1.0
1.3920076847300622,K09414(heat_shock_transcription_factor_1),1.0,1.0
1.3960403300768713,K09415(heat_shock_transcription_factor_2),1.0,1.0
1.3993756256675334,K09416(heat_shock_transcription_factor_3),1.0,1.0
1.418621882662649,K09417(heat_shock_transcription_factor_4),1.0,1.0
1.5048323999141053,K09423(Myb-like_DNA-binding_protein_BAS1),1.0,1.0
1.617898998940775,K09426(Myb-like_DNA-binding_protein_RAP1),1.0,1.0
1.4857602360819266,K09434(ETS_domain-containing_transcription_factor_ERF),1.0,1.0
1.7790685712141874,K09481(protein_transport_protein_SEC61_subunit_beta),1.0,1.0
1.4293148012971726,K09521(DnaJ_homolog_subfamily_C_member_1),1.0,1.0
1.6245116373515132,K09548(prefoldin_subunit_1),1.0,1.0
1.5580714784866438,K09549(prefoldin_subunit_2),1.0,1.0
1.5982220125730997,K09827(3-keto_steroid_reductase),1.0,1.0
1.6193756817523015,K09831(C-22_sterol_desaturase),1.0,1.0
1.604698347406027,"K09885(aquaporin_rerated_protein,_other_eukaryote)",1.0,1.0
1.3100155586612339,"K10084(ER_degradation_enhancer,_mannosidase_alpha-like_1)",1.0,1.0
1.403615012780496,K10089(cation-dependent_mannose-6-phosphate_receptor),1.0,1.0
1.6244936480096248,K10140(DNA_damage-binding_protein_2),1.0,1.0
1.5216911821615307,K10245(fatty_acid_elongase_2),1.0,1.0
1.5349718674503945,K10246(fatty_acid_elongase_3),1.0,1.0
6.031306870514176,K10258(enoyl_reductase),1.0,1.0
1.4503396984864045,K10290(F-box_protein_3),1.0,1.0
1.5903484251367537,K10295(F-box_protein_9),1.0,1.0
1.549348227414385,K10321(F-box_protein_47),1.0,1.0
1.365828753899251,K10360(myosin_IX),1.0,1.0
1.585797608740658,"K10364(capping_protein_(actin_filament)_muscle_Z-line,_alpha)",1.0,1.0
1.4481918312744495,"K10365(capping_protein_(actin_filament)_muscle_Z-line,_beta)",1.0,1.0
1.6002467396003255,K10389(tubulin_gamma),1.0,1.0
1.3697808907513698,K10423(CAP-Gly_domain-containing_linker_protein_3/4),1.0,1.0
1.5539056381083591,"K10436(microtubule-associated_protein,_RP/EB_family)",1.0,1.0
1.501438550150571,K10587(ubiquitin-protein_ligase_E3_A),1.0,1.0
1.6154537526409736,K10597(ubiquitin_conjugation_factor_E4_B),1.0,1.0
1.6550730829235796,K10601(E3_ubiquitin-protein_ligase_synoviolin),1.0,1.0
5.6691117964838496,K10605(breast_cancer_type_1_susceptibility_protein),1.0,1.0
1.7762516953429366,"K10621(2,3-dihydroxy-p-cumate-3,4-dioxygenase)",1.0,1.0
1.5272471473800409,K10625(E3_ubiquitin-protein_ligase_UBR1),1.0,1.0
1.4679976865639495,K10639(E3_ubiquitin-protein_ligase_CCNP1IP1),1.0,1.0
1.7379044002685158,K10642(E3_ubiquitin-protein_ligase_DZIP3),1.0,1.0
1.582411921645068,K10661(E3_ubiquitin-protein_ligase_MARCH6),1.0,1.0
1.897289753391071,K10674(ectoine_hydroxylase),1.0,1.0
1.474169977950609,K10689(peroxin-4),1.0,1.0
1.5510767723590804,K10729(DNA_replication_regulator_SLD2),1.0,1.0
1.487300838138104,K10731(DNA_replication_regulator_SLD3),1.0,1.0
1.6024558611991317,K10734(GINS_complex_subunit_3),1.0,1.0
1.592086117411459,K10735(GINS_complex_subunit_4),1.0,1.0
1.6165191682523963,K10736(minichromosome_maintenance_protein_10),1.0,1.0
1.4366096486212587,K10758(thiol_oxidase),1.0,1.0
1.551227498516145,K10802(high_mobility_group_protein_B1),1.0,1.0
1.8313357372026164,K10808(ribonucleoside-diphosphate_reductase_subunit_M2),1.0,1.0
1.5247665424303596,K10840(centrin-2),1.0,1.0
1.5059149802823484,K10849(DNA_excision_repair_protein_ERCC-1),1.0,1.0
1.4650003101974027,K10872(meiotic_recombination_protein_DMC1),1.0,1.0
1.4954866493674026,K10873(DNA_repair_and_recombination_protein_RAD52),1.0,1.0
1.5012746035471924,K10878(meiotic_recombination_protein_SPO11),1.0,1.0
1.6697628446733306,K10881(26_proteasome_complex_subunit_DSS1),1.0,1.0
1.5230501066051718,K10958(DNA_repair_protein_RAD57),1.0,1.0
1.7159824821368264,"K10967(alpha_1,2-mannosyltransferase)",1.0,1.0
1.4742073067408945,"K10968(alpha_1,3-mannosyltransferase)",1.0,1.0
1.4937818607355904,"K10969(alpha_1,3-mannosyltransferase)",1.0,1.0
1.5810590589173472,K10997(replication_fork_protection_complex_subunit_Tof1/Swi1),1.0,1.0
2.193950829843006,K11000(callose_synthase),1.0,1.0
1.8990156051834086,K11082(2-aminoethylphosphonate_transport_system_permease_protein),1.0,1.0
1.7072717145886258,K11087(small_nuclear_ribonucleoprotein_D1),1.0,1.0
1.6639179861620976,K11088(small_nuclear_ribonucleoprotein_D3),1.0,1.0
1.5098758867046225,K11091(U1_small_nuclear_ribonucleoprotein_A),1.0,1.0
1.5446183618851659,K11094(U2_small_nuclear_ribonucleoprotein_B''),1.0,1.0
1.611764366436048,K11096(small_nuclear_ribonucleoprotein_D2),1.0,1.0
1.6538316136336888,K11097(small_nuclear_ribonucleoprotein_E),1.0,1.0
1.6154035358751786,K11098(small_nuclear_ribonucleoprotein_F),1.0,1.0
1.5610108341323436,K11117(protein_STN1),1.0,1.0
1.5882493240179034,K11119(RAP1-interacting_factor_2),1.0,1.0
1.5719106599655477,K11120(regulatory_protein_SIR1),1.0,1.0
1.5818474899716768,K11123(regulatory_protein_SIR4),1.0,1.0
1.5405533627353212,K11133(telomere_replication_protein),1.0,1.0
1.548364533026291,K11134(telomere_length_regulation_protein),1.0,1.0
1.4872550971488447,"K11185(cytosolic_tryparedoxin_peroxidase,_trypanosomatid_typical_2-Cysperoxiredoxin)",1.0,1.0
1.5892348624285968,K11213(pheromone_alpha_factor_receptor),1.0,1.0
1.5019430270729324,K11215(transcription_factor_STE12),1.0,1.0
1.581703448556341,"K11232(osomolarity_two-component_system,_phosphorelay_intermediate_proteinYPD1)",1.0,1.0
1.5382687500005654,K11234(mating_pheromone_alpha-factor),1.0,1.0
1.3784897382219936,K11236(cell_division_control_protein_24),1.0,1.0
1.5911389228344763,K11237(bud_emergence_protein_1),1.0,1.0
1.5151094704174757,K11239(pheromone-response_scaffold_protein),1.0,1.0
1.4408133017069529,K11240(tyrosine-protein_phosphatase),1.0,1.0
1.4649103905616083,K11242(down-regulator_of_invasive_growth_2),1.0,1.0
1.471446579639127,K11243(nuclear_fusion_protein),1.0,1.0
1.4426265037564685,K11245(mating_pheromone-induced_death_protein_2),1.0,1.0
1.4863006757108594,K11247(endophilin-A),1.0,1.0
1.7081967483386893,K11253(histone_H3),1.0,1.0
1.382567807978064,K11265(adenylate_cyclase_10),1.0,1.0
1.6103074557786907,K11270(chromosome_transmission_fidelity_protein_8),1.0,1.0
1.5625721330017952,K11271(sister_chromatid_cohesion_protein_DCC1),1.0,1.0
1.5647183264673206,K11295(high_mobility_group_protein_B2),1.0,1.0
1.5498421501418969,K11296(high_mobility_group_protein_B3),1.0,1.0
1.3905657286268893,K11307(histone_acetyltransferase_MYST2),1.0,1.0
1.6429052878391488,K11313(transcription_initiation_protein_SPT3),1.0,1.0
1.4015099309926957,K11338(RuvB-like_protein_2),1.0,1.0
4.9055497224430304,K11339(mortality_factor_4-like_protein_1),1.0,1.0
1.59774368455655,K11343(MRG-binding_protein),1.0,1.0
1.5650678915803813,K11362(transcriptional_coactivator_HFI1/ADA1),1.0,1.0
83.00818249856795,K11364(SAGA-associated_factor_29),1.0,1.0
1.6098138274724325,K11372(HAT1-interacting_factor_1),1.0,1.0
1.5755425359322308,K11373(elongator_complex_protein_1),1.0,1.0
1.638392842590261,K11396(chromatin_modification-related_protein_YNG2),1.0,1.0
1.4794823213939925,K11400(actin-related_protein_4),1.0,1.0
1.6287149105601362,K11402(something_about_silencing_protein_4),1.0,1.0
1.502136956683336,K11403(something_about_silencing_protein_5),1.0,1.0
1.399798441606955,K11408(histone_deacetylase_7),1.0,1.0
1.5537419355423387,"K11427(histone-lysine_N-methyltransferase,_H3_lysine-79_specific)",1.0,1.0
1.7244843040929223,K11449(jumonji_domain-containing_protein_1),1.0,1.0
1.3442802236002258,K11450(lysine-specific_histone_demethylase_1),1.0,1.0
1.3439872458906348,K11452(chromobox_protein_4),1.0,1.0
1.5746388139738512,K11482(histone_deacetylase_HOS1),1.0,1.0
1.5874027237390822,K11495(histone_H3-like_centromeric_protein_A),1.0,1.0
1.4815956078379602,K11551(central_kinetochore_subunit_Mis15/CHL4),1.0,1.0
1.591115953750375,K11552(central_kinetochore_subunit_Mal2/MCM21),1.0,1.0
1.53614147622597,K11555(central_kinetochore_subunit_OKP1),1.0,1.0
1.6176452659802036,K11556(central_kinetochore_subunit_AME1),1.0,1.0
1.6051314903904748,K11560(kinetochore_protein_Mis13/DSN1),1.0,1.0
1.5980539061974224,K11561(kinetochor_protein_Mis14/NSL1),1.0,1.0
1.4837305097409899,K11566(DASH_complex_subunit_ASK1),1.0,1.0
1.6245456853198383,K11573(DASH_complex_subunit_SPC34),1.0,1.0
1.4336779214704287,K11575(centromere_DNA-binding_protein_complex_CBF3_subunit_B),1.0,1.0
1.4070266360809889,K11582(shugoshin),1.0,1.0
1.5347412059878245,K11652(actin-like_protein_6B),1.0,1.0
1.5056670130143728,K11663(zinc_finger_HIT_domain-containing_protein_1),1.0,1.0
2.560125825191594,K11676(Ino_eighty_subunit_2),1.0,1.0
1.6235828236818268,K11677(Ino_eighty_subunit_3),1.0,1.0
1.4141956957699435,K11757(protein_polybromo-1),1.0,1.0
1.6128505883253763,K11758(chromatin_structure-remodeling_complex_subunit_RSC3/30),1.0,1.0
1.6088687723957327,K11759(chromatin_structure-remodeling_complex_subunit_RSC4),1.0,1.0
1.5722841254330688,K11760(chromatin_structure-remodeling_complex_subunit_RSC6),1.0,1.0
1.639763558343314,K11762(chromatin_structure-remodeling_complex_subunit_RSC8),1.0,1.0
1.4205898448637713,K11764(chromatin_structure-remodeling_complex_protein_RSC14),1.0,1.0
1.533533464204115,K11767(actin-related_protein_7),1.0,1.0
1.498804124402631,K11768(actin-related_protein_9),1.0,1.0
1.6037727298383007,K11769(chromatin_structure-remodeling_complex_protein_HTL1),1.0,1.0
1.4748486797140008,K11773(SWI/SNF_complex_component_SNF6),1.0,1.0
1.5780495993565378,K11775(SWI/SNF_complex_component_SWP73),1.0,1.0
1.5475540940829835,K11776(SWI/SNF_complex_component_SWP82),1.0,1.0
2.5650872920951286,K11791(DDB1-_and_CUL4-associated_factor_15),1.0,1.0
1.3358666393107412,K11805(WD_repeat-containing_protein_68),1.0,1.0
1.452961738523984,"K11830(transcription_factor_A,_mitochondrial)",1.0,1.0
1.5069585577939042,K11836(ubiquitin_carboxyl-terminal_hydrolase_5/13),1.0,1.0
1.4484662289560033,K11837(ubiquitin_carboxyl-terminal_hydrolase_6/32),1.0,1.0
1.5596478987197107,K11852(ubiquitin_carboxyl-terminal_hydrolase_31),1.0,1.0
1.5724112599206044,K11858(ubiquitin_carboxyl-terminal_hydrolase_48),1.0,1.0
1.4851916866973784,K11870(ubiquitin_carboxyl-terminal_hydrolase_1),1.0,1.0
1.5358735656182394,K11871(ubiquitin_carboxyl-terminal_hydrolase_7/11),1.0,1.0
1.429516329566164,K11879(proteasome_chaperone_1),1.0,1.0
1.601996194294793,K11880(proteasome_chaperone_2),1.0,1.0
1.490485177859403,K11886(proteasome_component_ECM29),1.0,1.0
1.4715318524728007,K11887(proteasomal_ATPase-associated_factor_1),1.0,1.0
1.378627619522264,K11954(neutral_amino_acid_transport_system_substrate-binding_protein),1.0,1.0
1.5080472488566723,"K12041(solute_carrier_family_9,_member_6)",1.0,1.0
1.6194716357373853,K12160(small_ubiquitin-related_modifier),1.0,1.0
1.3795090478520595,K12169(Kip1_ubiquitination-promoting_complex_protein_1),1.0,1.0
1.3843874881621208,K12171(E3_ubiquitin-protein_ligase_SH3RF1),1.0,1.0
1.4893244468614117,K12189(ESCRT-II_complex_subunit_VPS25),1.0,1.0
1.571601325313714,K12193(charged_multivesicular_body_protein_3),1.0,1.0
1.6140008466421292,K12194(charged_multivesicular_body_protein_4),1.0,1.0
1.49800422128264,K12232(E3_ubiquitin-protein_ligase_HECTD2),1.0,1.0
1.5046327554866137,K12260(sulfiredoxin),1.0,1.0
1.5155794728004026,K12273(translocation_protein_SEC66),1.0,1.0
1.6467425419308648,"K12314(actin,_alpha_cardiac_muscle)",1.0,1.0
1.6157667790300838,K12323(atrial_natriuretic_peptide_receptor_A),1.0,1.0
1.473024021435685,K12326(Ras-specific_guanine_nucleotide-releasing_factor_2),1.0,1.0
1.5329817926240026,K12330(Rho_guanine_nucleotide_exchange_factor_1),1.0,1.0
1.4145528866167005,K12331(Rho_guanine_nucleotide_exchange_factor_11),1.0,1.0
1.4787508668462968,K12379(huckebein),1.0,1.0
1.485289775859543,K12385(Niemann-Pick_C1_protein),1.0,1.0
1.4930008873149687,K12386(cystinosin),1.0,1.0
1.792320952534512,K12388(sortilin),1.0,1.0
1.573785154721528,K12393(AP-1_complex_subunit_mu),1.0,1.0
1.4702880920136596,K12395(AP-1_complex_subunit_sigma-3),1.0,1.0
1.6130268036235453,K12399(AP-3_complex_subunit_sigma),1.0,1.0
1.4805393942622522,"K12414(DNA_replication_licensing_factor,_required_for_pre-replicationcomplex_assembly)",1.0,1.0
1.2699861528521763,K12431(polyketide_synthase_2),1.0,1.0
1.6623125790736817,K12462(Rho_GDP-dissociation_inhibitor),1.0,1.0
1.477024691030556,K12477(EH_domain-containing_protein_4),1.0,1.0
1.3819844192563997,"K12490(Arf-GAP,_Rho-GAP_domain,_ANK_repeat_and_PH_domain-containing_protein)",1.0,1.0
1.5584722202432482,K12492(ADP-ribosylation_factor_GTPase-activating_protein_1),1.0,1.0
1.3925953668939437,"K12558(myosin-binding_protein_C,_fast-type)",1.0,1.0
1.6196272102548817,K12595(superkiller_protein_7),1.0,1.0
1.5874822439590441,K12596(poly(A)_RNA_polymerase),1.0,1.0
1.6174563895780218,K12601(superkiller_protein_8),1.0,1.0
1.6054104993113498,K12607(CCR4-NOT_transcription_complex_subunit_10),1.0,1.0
1.6240624047699401,K12612(mRNA-decapping_enzyme_subunit_1),1.0,1.0
1.5823101560308404,K12620(U6_snRNA-associated_Sm-like_protein_LSm1),1.0,1.0
1.650057981472234,K12622(U6_snRNA-associated_Sm-like_protein_LSm3),1.0,1.0
1.6821589109593855,K12625(U6_snRNA-associated_Sm-like_protein_LSm6),1.0,1.0
1.635597305711629,K12626(U6_snRNA-associated_Sm-like_protein_LSm7),1.0,1.0
1.532739750967885,K12659(N-acetyl-gamma-glutamyl-phosphate_reductase_/_acetylglutamate_kinase),1.0,1.0
1.590802431780674,K12669(oligosaccharyltransferase_complex_subunit_gamma),1.0,1.0
1.7137899404332517,K12670(oligosaccharyltransferase_complex_subunit_beta),1.0,1.0
1.5104953647156263,K12732(phenylpyruvate_decarboxylase),1.0,1.0
1.6248618525009488,K12760(G1/S-specific_cyclin_CLN1),1.0,1.0
1.623028459155059,K12764(meiosis-inducing_protein_1),1.0,1.0
1.5095329318200452,K12766(serine/threonine-protein_kinase_MDS1/RIM11),1.0,1.0
1.4026301746863203,K12769(meiosis-specific_transcription_factor_NDT80),1.0,1.0
1.394967941241751,K12772(sporulation-specific_protein_4),1.0,1.0
1.4896020386715176,K12777(protein_RED1),1.0,1.0
1.4958724515847783,K12779(suppressor_of_MAR1-1_protein),1.0,1.0
1.554655971518305,"K12780(meiotic_recombination_protein_REC8,_fungi_type)",1.0,1.0
1.6728640442601865,K12781(anaphase-promoting_complex_subunit_MND2),1.0,1.0
1.4952107966733668,K12782(meiosis-specific_APC/C_activator_protein_AMA1),1.0,1.0
1.418032276812801,K12783(sporulation-specific_protein_1),1.0,1.0
1.5598806742952038,K12833(pre-mRNA_branch_site_protein_p14),1.0,1.0
1.423307979365698,K12841(calcium_homeostasis_endoplasmic_reticulum_protein),1.0,1.0
1.6024754989452417,K12853(114_kDa_U5_small_nuclear_ribonucleoprotein_component),1.0,1.0
1.62030733639254,K12861(pre-mRNA-splicing_factor_SPF27),1.0,1.0
1.5968251817836143,K12872(pre-mRNA-splicing_factor_RBM22/SLT11),1.0,1.0
1.6522921799293055,K12880(THO_complex_subunit_3),1.0,1.0
1.7640537035778048,K12881(THO_complex_subunit_4),1.0,1.0
1.5052814294372765,"K12890(splicing_factor,_arginine/serine-rich_1/9)",1.0,1.0
2.2418153224134563,"K12899(splicing_factor,_arginine/serine-rich_11)",1.0,1.0
1.6144333959175636,K12947(signal_peptidase_complex_subunit_2),1.0,1.0
1.613852881353436,K12948(signal_peptidase_complex_subunit_3),1.0,1.0
1.4142636709285967,K13056(CCCH_zinc_finger_protein_C3H-4),1.0,1.0
1.512046601385973,K13097(methylcytosine_dioxygenase),1.0,1.0
1.6285094658837598,K13113(ubiquitin-like_protein_5),1.0,1.0
1.3966967092634752,K13136(gem_associated_protein_8),1.0,1.0
1.6128334799727693,K13150(coilin),1.0,1.0
1.5931195219967682,K13162(poly(rC)-binding_protein_2/3/4),1.0,1.0
1.4129164979768354,K13196(zinc_finger_protein_ubi-d4),1.0,1.0
1.477940810164779,K13279(peroxiredoxin_1),1.0,1.0
1.6105154093682097,K13333(lysophospholipase),1.0,1.0
1.4912398656074457,K13357(putative_meiotic_phospholipase_SPO1),1.0,1.0
1.586031911991592,K13449(pathogenesis-related_protein_1),1.0,1.0
1.4502545350524378,K13519(lysophospholipid_acyltransferase),1.0,1.0
1.7972641585492595,K13524(4-aminobutyrate_aminotransferase_/_(S)-3-amino-2-methylpropionatetransaminase),1.0,1.0
1.5814350927145362,K13577(mitochondrial_dicarboxylate_carrier),1.0,1.0
1.4418137436706475,K13696(abhydrolase_domain-containing_protein_1/3),1.0,1.0
1.4837861532244188,K13705(abhydrolase_domain-containing_protein_12B),1.0,1.0
1.5148649883490863,K13709(Rho_GTPase-activating_protein_5),1.0,1.0
1.403057487000446,K13711(phosphatidylinositol_4-kinase_type_2),1.0,1.0
20.543789259435094,K13724(aminopeptidase_Q),1.0,1.0
2.3354207188906346,K13738(CD2-associated_protein),1.0,1.0
1.498468167786233,K13744(SH3_domain-containing_guanine_exchange_factor),1.0,1.0
1.3336327667612136,K13751(),1.0,1.0
2.0527476876955544,"K13761(high_affinity_cGMP-specific_3',5'-cyclic_phosphodiesterase_9)",1.0,1.0
8.242099241448637,K13784(prothymosin_alpha),1.0,1.0
1.6095568836639222,"K13855(solute_carrier_family_4_(anion_exchanger),_member_2)",1.0,1.0
1.3924156398335439,K13856(),1.0,1.0
1.4970524102878213,K14006(protein_transport_protein_SEC23),1.0,1.0
1.5266579102872817,K14012(UBX_domain-containing_protein_1),1.0,1.0
1.4695105219745186,K14013(UBX_domain-containing_protein_2),1.0,1.0
1.5790159929283183,K14015(nuclear_protein_localization_protein_4_homolog),1.0,1.0
1.494297779155366,K14016(ubiquitin_fusion_degradation_protein_1),1.0,1.0
1.6766954246968417,K14285(NTF2-related_export_protein_1/2),1.0,1.0
1.6329584594742923,K14289(exportin-5),1.0,1.0
1.5439182591478198,K14293(importin_subunit_beta-1),1.0,1.0
1.5236583032805708,K14311(nuclear_pore_complex_protein_Nup188),1.0,1.0
1.4059344605645654,K14315(nucleoporin_NDC1),1.0,1.0
7.835956719324646,K14352(),1.0,1.0
2.717510474316692,K14373(C-5_ketoreductase),1.0,1.0
1.5196609599022777,K14404(cleavage_and_polyadenylation_specificity_factor_subunit_4),1.0,1.0
1.630949817173575,K14416(elongation_factor_1_alpha-like_protein),1.0,1.0
1.5393300742543836,K14452(gastric_triacylglycerol_lipase),1.0,1.0
1.432744449636685,K14457(2-acylglycerol_O-acyltransferase_2),1.0,1.0
1.4340091939453483,K14458(2-acylglycerol_O-acyltransferase_1),1.0,1.0
1.8887540767307895,K14519(),1.0,1.0
1.643412574874136,K14524(),1.0,1.0
1.5375723433277195,K14529(),1.0,1.0
1.5324926502544531,K14532(),1.0,1.0
1.420403371835399,K14538(),1.0,1.0
1.5229281377811552,K14551(),1.0,1.0
1.506319484121662,K14552(),1.0,1.0
36.14065603997088,K14557(),1.0,1.0
1.5258688814322203,K14560(),1.0,1.0
1.5758661601817392,K14649(),1.0,1.0
1.6263079720451352,K14686(),1.0,1.0
1.568048842406253,K14765(),1.0,1.0
1.5694633023544027,K14773(),1.0,1.0
1.6009648504903702,K14784(),1.0,1.0
1.6398554690019045,K14800(),1.0,1.0
2.5725713711276685,K14804(),1.0,1.0
1.5156808458633566,K14812(),1.0,1.0
1.5494455205853306,K14821(),1.0,1.0
1.8272201657444822,K14825(),1.0,1.0
1.5786937527022107,K14827(),1.0,1.0
1.5323578554609416,K14828(),1.0,1.0
1.3866682698693316,K14847(),1.0,1.0
1.573231054785487,K14848(),1.0,1.0
1.6241677832999355,K14853(),1.0,1.0
1.6145303654678893,K14854(),1.0,1.0
1.5315686445106231,K14858(),1.0,1.0
1.5640688309292137,K14860(),1.0,1.0
1.5717317716215935,K14964(),1.0,1.0
1.5146947134088276,K14965(),1.0,1.0
1.627567983884382,K14967(),1.0,1.0
1.5524763682601843,K14968(),1.0,1.0
1.6420764841677227,K14997(),1.0,1.0
1.5640930636736994,K14998(),1.0,1.0
1.6084491993347594,K15040(),1.0,1.0
1.508061285505182,K15042(),1.0,1.0
1.5586222383162356,K15043(),1.0,1.0
1.408114932302275,K15044(),1.0,1.0
1.5236047249757436,K15070(),1.0,1.0
1.6253560980584498,K15079(),1.0,1.0
1.5333948548349259,K15084(),1.0,1.0
2.8303569673501303,K15100(),1.0,1.0
1.511953799371917,K15108(),1.0,1.0
1.6144333959175636,K15113(),1.0,1.0
1.522379737918371,K15114(),1.0,1.0
1.5865750190565626,K15115(),1.0,1.0
1.4281538069691886,K15116(),1.0,1.0
1.5645874876515493,K15119(),1.0,1.0
1.598434661658523,K15130(),1.0,1.0
1.6279086225511459,K15132(),1.0,1.0
1.38384354790557,K15134(),1.0,1.0
1.5712816499045557,K15145(),1.0,1.0
1.4765437821506837,K15147(),1.0,1.0
1.3943292424358118,K15160(),1.0,1.0
1.44814291987757,K15165(),1.0,1.0
1.507456946791349,K15205(),1.0,1.0
1.601471561974531,K15207(),1.0,1.0
1.504339103377472,K15208(),1.0,1.0
1.5980485664453885,K15218(),1.0,1.0
1.3671684053818365,K15219(),1.0,1.0
1.444413986841051,K15220(),1.0,1.0
1.552368068588173,K15221(),1.0,1.0
1.4854295908062327,K15222(),1.0,1.0
1.617942061605775,K15265(),1.0,1.0
1.5027038057007154,K15290(),1.0,1.0
1.4178327705889533,K15308(),1.0,1.0
1.3653024443160664,K15316(),1.0,1.0
1.6235838963866547,K15325(),1.0,1.0
1.4450413266762927,K15339(),1.0,1.0
1.5083666217192173,K15345(),1.0,1.0
1.3386433010706793,K15418(),1.0,1.0
1.551775624468005,K15435(),1.0,1.0
1.503923855975688,K15440(),1.0,1.0
1.5611900198638373,K15447(),1.0,1.0
1.6177376504064924,K15455(),1.0,1.0
1.544628298364118,K15457(),1.0,1.0
1.545895705399461,K15458(),1.0,1.0
1.561511261101685,K15463(),1.0,1.0
1.3383240003653585,K15543(),1.0,1.0
1.5004289274190952,K15563(),1.0,1.0
1.5971508802392458,K15620(),1.0,1.0
1.8526641010255875,K15790(),1.0,1.0
